{
    "artistas": [
        {"id": 1, "nombre": "Bring me the horizon", "idCanciones": [1,2,3], "imagen": "../media/img/bmth.jpg","idAlbumes":[1],"idGeneros":[2,4,8]},
        {"id": 2, "nombre": "The Offspring", "idCanciones": [4,5,6], "imagen": "../media/img/offspring.jpg","idAlbumes":[2],"idGeneros":[2,1]},
        {"id": 3, "nombre": "Machine head", "idCanciones": [7,8,9], "imagen": "../media/img/machinehead.jpg","idAlbumes":[3],"idGeneros":[8]},
        {"id": 4, "nombre": "Coldplay", "idCanciones": [10,11,12], "imagen": "../media/img/coldplay.jpg","idAlbumes":[6],"idGeneros":[1,4,5]},
        {"id": 5, "nombre": "Reno renardo", "idCanciones": [13,14,15], "imagen": "../media/img/reno.jpg","idAlbumes":[7],"idGeneros":[2,8]},
        {"id": 6, "nombre": "Kendrick lamar", "idCanciones": [16,17,18], "imagen": "../media/img/kendrick.jpg","idAlbumes":[8],"idGeneros":[3]},
        {"id": 8, "nombre": "Bruno mars", "idCanciones": [22,23,24], "imagen": "../media/img/brunomars.jpg","idAlbumes":[9],"idGeneros":[1,5,6]},
        {"id": 9, "nombre": "Siniestro total", "idCanciones": [25,26,27], "imagen": "../media/img/siniestrototal.jpg","idAlbumes":[10],"idGeneros":[2]},
        {"id": 10, "nombre": "Eminem", "idCanciones": [28,29,30], "imagen": "../media/img/eminem.jpg","idAlbumes":[4],"idGeneros":[3]},
        {"id": 11, "nombre": "Foo fighters", "idCanciones": [31,32,33], "imagen": "../media/img/foofighters.jpg","idAlbumes":[5],"idGeneros":[2]},
        {"id": 12, "nombre": "Slipknot", "idCanciones": [34,35,36], "imagen": "../media/img/slipknot.jpg","idAlbumes":[11],"idGeneros":[8]}
    ],
    "canciones": [
    {"id": 1, "titulo": "Shadow Moses", "idArtista": 1,"idGenero":2,"pathCancion":"", "duracion": 210 },
    {"id": 2, "titulo": "Can You Feel My Heart", "idArtista": 1,"idGenero":2,"pathCancion":"", "duracion": 248},
    {"id": 3, "titulo": "Sleepwalking", "idArtista": 1,"idGenero":2,"pathCancion":"../media/music/Bring Me The Horizon - Sleepwalking.mp3", "duracion": 234},
    {"id": 4, "titulo": "Go to Hell, for Heaven's Sake", "idArtista": 1,"idGenero":2,"pathCancion":"", "duracion": 216},
    {"id": 5, "titulo": "Antivist", "idArtista": 1,"idGenero":2,"pathCancion":"", "duracion": 221},

    {"id": 6, "titulo": "The Kids Aren't Alright", "idArtista": 2,"idGenero":2,"pathCancion":"../media/music/The Offspring - The Kids Aren't Alright (Official Music Video).mp3", "duracion": 198},
    {"id": 7, "titulo": "Pretty Fly (for a White Guy)", "idArtista": 2,"idGenero":2,"pathCancion":"", "duracion": 223},
    {"id": 8, "titulo": "Why Don't You Get a Job?", "idArtista": 2,"idGenero":2,"pathCancion":"", "duracion": 214},
    {"id": 9, "titulo": "Bad Habit", "idArtista": 2,"idGenero":2,"pathCancion":"../media/music/Bad Habit.mp3", "duracion": 231},
    {"id": 10, "titulo": "She's Got Issues", "idArtista": 2,"idGenero":2,"pathCancion":"", "duracion": 209},

    {"id": 11, "titulo": "Eyes of the Dead", "idArtista": 3,"idGenero":8,"pathCancion":"", "duracion": 227},
    {"id": 12, "titulo": "Sail Into the Black", "idArtista": 3,"idGenero":8,"pathCancion":"../media/music/Sail Into The Black.mp3", "duracion": 211},
    {"id": 13, "titulo": "Killers & Kings", "idArtista": 3,"idGenero":8,"pathCancion":"", "duracion": 234},
    {"id": 14, "titulo": "Imaginal Cells", "idArtista": 3,"idGenero":8,"pathCancion":"", "duracion": 249},
    {"id": 15, "titulo": "Beneath the Silt", "idArtista": 3,"idGenero":8,"pathCancion":"../media/music/Beneath The Silt.mp3", "duracion": 221},

    {"id": 16, "titulo": "Without Me", "idArtista": 10,"idGenero":3,"pathCancion":"", "duracion": 249},
    {"id": 17, "titulo": "Cleanin' Out My Closet", "idArtista": 10,"idGenero":3,"pathCancion":"", "duracion": 223},
    {"id": 18, "titulo": "Superman", "idArtista": 10,"idGenero":3,"pathCancion":"", "duracion": 220},
    {"id": 19, "titulo": "Sing for the Moment", "idArtista": 10,"idGenero":3,"pathCancion":"", "duracion": 264},
    {"id": 20, "titulo": "Till I Collapse", "idArtista": 10,"idGenero":3,"pathCancion":"", "duracion": 273},

    {"id": 21, "titulo": "Everlong", "idArtista": 11,"idGenero":2,"pathCancion":"", "duracion": 250},
    {"id": 22, "titulo": "Monkey Wrench", "idArtista": 11,"idGenero":2,"pathCancion":"", "duracion": 215},
    {"id": 23, "titulo": "My Hero", "idArtista": 11,"idGenero":2,"pathCancion":"", "duracion": 267},
    {"id": 24, "titulo": "Big Me", "idArtista": 11,"idGenero":2,"pathCancion":"", "duracion": 157},
    {"id": 25, "titulo": "This Is a Call", "idArtista": 11,"idGenero":2,"pathCancion":"", "duracion": 213},

    {"id": 26, "titulo": "Magic", "idArtista": 4,"idGenero":1,"pathCancion":"", "duracion": 220},
    {"id": 27, "titulo": "Midnight", "idArtista": 4,"idGenero":1,"pathCancion":"", "duracion": 227},
    {"id": 28, "titulo": "A Sky Full of Stars", "idArtista": 4,"idGenero":1,"pathCancion":"", "duracion": 276},
    {"id": 29, "titulo": "Oceans", "idArtista": 4,"idGenero":1,"pathCancion":"", "duracion": 243},
    {"id": 30, "titulo": "Ink", "idArtista": 4,"idGenero":1,"pathCancion":"", "duracion": 233},

    {"id": 31, "titulo": "Lo puto peor", "idArtista": 5,"idGenero":8,"pathCancion":"", "duracion": 198},
    {"id": 32, "titulo": "Spoilerman", "idArtista": 5,"idGenero":8,"pathCancion":"", "duracion": 215},
    {"id": 33, "titulo": "Ojo cuidao", "idArtista": 5,"idGenero":8,"pathCancion":"", "duracion": 212},
    {"id": 34, "titulo": "Esto no es disney", "idArtista": 5,"idGenero":2,"pathCancion":"", "duracion": 180},
    {"id": 35, "titulo": "Puretas del caribe", "idArtista": 5,"idGenero":2,"pathCancion":"", "duracion": 198},

    {"id": 36, "titulo": "DNA.", "idArtista": 6,"idGenero":3,"pathCancion":"", "duracion": 220},
    {"id": 37, "titulo": "HUMBLE.", "idArtista": 6,"idGenero":3,"pathCancion":"", "duracion": 177},
    {"id": 38, "titulo": "Loyalty.", "idArtista": 6,"idGenero":3,"pathCancion":"", "duracion": 185},
    {"id": 39, "titulo": "Element.", "idArtista": 6,"idGenero":3,"pathCancion":"", "duracion": 211},
    {"id": 40, "titulo": "FEEL.", "idArtista": 6,"idGenero":3,"pathCancion":"", "duracion": 230},

    {"id": 41, "titulo": "Finesse", "idArtista": 8,"idGenero":1,"pathCancion":"", "duracion": 218},
    {"id": 42, "titulo": "That’s What I Like", "idArtista": 8,"idGenero":1,"pathCancion":"", "duracion": 227},
    {"id": 43, "titulo": "24K Magic", "idArtista": 8,"idGenero":5,"pathCancion":"", "duracion": 252},
    {"id": 44, "titulo": "Versace On The Floor", "idArtista": 8,"idGenero":5,"pathCancion":"", "duracion": 268},
    {"id": 45, "titulo": "Perm", "idArtista": 8,"idGenero":1,"pathCancion":"", "duracion": 255},

    {"id": 46, "titulo": "Miña Terra", "idArtista": 9,"idGenero":2,"pathCancion":"", "duracion": 210},
    {"id": 47, "titulo": "O Mundo Está Paralelo", "idArtista": 9,"idGenero":2,"pathCancion":"", "duracion": 190},
    {"id": 48, "titulo": "Que Se Vayan", "idArtista": 9,"idGenero":2,"pathCancion":"", "duracion": 222},
    {"id": 49, "titulo": "Adiós Papá", "idArtista": 9,"idGenero":2,"pathCancion":"", "duracion": 204},
    {"id": 50, "titulo": "Sigo Siendo Yo", "idArtista": 9,"idGenero":2,"pathCancion":"", "duracion": 238},

    {"id": 51, "titulo": "Duality", "idArtista": 12,"idGenero":8,"pathCancion":"", "duracion": 237},
    {"id": 52, "titulo": "Psychosocial", "idArtista": 12,"idGenero":8,"pathCancion":"", "duracion": 230},
    {"id": 53, "titulo": "Before I Forget", "idArtista": 12,"idGenero":8,"pathCancion":"", "duracion": 245},
    {"id": 54, "titulo": "Vermilion", "idArtista": 12,"idGenero":8,"pathCancion":"", "duracion": 261},
    {"id": 55, "titulo": "Snuff", "idArtista": 12,"idGenero":8,"pathCancion":"", "duracion": 238}
  ],
    "listasReproduccion": [
        {"id": 1, "nombre": "Lista 1", "idCanciones": [1, 4, 7, 10, 13, 16], "pathImagen": "/media/img/kendrick.jpg"},
        {"id": 2, "nombre": "Lista 2", "idCanciones": [2, 5, 8, 11, 14, 17, 20], "pathImagen": "/media/img/brunomars.jpg"},
        {"id": 3, "nombre": "Lista 3", "idCanciones": [3, 6, 9, 12, 15], "pathImagen": "/media/img/siniestrototal.jpg"},
        {"id": 4, "nombre": "Lista 4", "idCanciones": [18, 21, 24, 27, 30, 33], "pathImagen": "/media/img/slipknot.jpg"},
        {"id": 5, "nombre": "Lista 5", "idCanciones": [19, 22, 25, 28, 31, 34, 36], "pathImagen": "/media/img/reno.jpg"}
    ],
    "usuarios": [
        {"id":1, "nombreUsuario":"davidrl","nombre":"David","apellidos":"Rodriguez Leiras","email":"davidrldq@gmail.com","contrasena":"abc123..","rol":"admin","planVibe":false, "idArtista":1,"idListasReproduccion":[1,4,5]},
        {"id":2, "nombreUsuario":"usuario","nombre":"Usuario","apellidos":"","email":"usuario@usuario.com","contrasena":"abc123..","rol":"usuario","planVibe":false, "idArtista":2,"idListasReproduccion":[3,2,1]},
        {"id":3, "nombreUsuario":"administrador","nombre":"Administrador","apellidos":"Admin","email":"admin@admin.com","contrasena":"abc123..","rol":"admin","planVibe":true, "idArtista":5,"idListasReproduccion":[4,1,2,5]}
    ],
    "generos": [
        {"id":1,"nombre":"Pop"},
        {"id":2,"nombre":"Rock"},
        {"id":3,"nombre":"HipHop"},
        {"id":4,"nombre":"Electrónica"},
        {"id":5,"nombre":"R&B"},
        {"id":6,"nombre":"Reggaeton"},
        {"id":7,"nombre":"Jazz"},
        {"id":8,"nombre":"Metal"},
        {"id":9,"nombre":"Blues"},
        {"id":10,"nombre":"Podcast"}
    ],
    "albumes":[
        {"id":1,"nombreAlbum":"Sempiternal","descripcion":"Sempiternal es el cuarto álbum de estudio de la banda de rock británica Bring Me the Horizon","fechaSalida":"01/04/2013","idCanciones":[1,2,3,4,5],"pathImagen":"https://m.media-amazon.com/images/I/71nZdrGysFL._UF1000,1000_QL80_.jpg","idGeneros":[2,4] },
        {"id":2,"nombreAlbum":"Americana","descripcion":"Americana es el quinto álbum de estudio de la banda de punk The Offspring,","fechaSalida":"17/11/1998","idCanciones":[6,7,8,9,10],"pathImagen":"https://www.scienceofnoise.net/wp-content/uploads/2018/11/81hLwjBiGjL._SL1400_.jpg","idGeneros":[2] },
        {"id":3,"nombreAlbum":"Bloodstone & Diamonds","descripcion":"","fechaSalida":"","idCanciones":[11,12,13,14,15],"pathImagen":"https://images.theskinny.co.uk/assets/production/000/109/025/109025_widescreen.jpg","idGeneros":[8] },
        {"id":4,"nombreAlbum":"The Eminem Show","descripcion":"","fechaSalida":"","idCanciones":[16,17,18,19,20],"pathImagen":"https://www.dooganrecords.com/wp-content/uploads/2024/06/MTgtMTEwMi5qcGVn.jpeg","idGeneros":[3] },
        {"id":5,"nombreAlbum":"The Colour and the Shape","descripcion":"","fechaSalida":"","idCanciones":[21,22,23,24,25],"pathImagen":"https://lamusikalite.com/wp-content/uploads/2017/05/foocolour-570x300.jpg?w=640","idGeneros":[2] },
        {"id": 6, "nombreAlbum": "Ghost Stories", "descripcion": "Ghost Stories es el sexto álbum de estudio de la banda británica Coldplay, lanzado en 2014.", "fechaSalida": "19/05/2014", "idCanciones": [26,27,28,29,30], "pathImagen": "https://eurostore.warnermusic.com/on/demandware.static/-/Sites-warner-master/default/dwce26cc3f/pdp-img-eu/ghost_stories_1.jpg", "idGeneros": [1,2,4]},
        {"id": 7, "nombreAlbum": "El mundo se va a la mierda", "descripcion": "El mundo se va a la mierda es un álbum de estudio de la banda de punk Reno Renardo.", "fechaSalida": "14/10/2016", "idCanciones": [31,32,33,34,35], "pathImagen": "https://i.ytimg.com/vi/u5QiHzBkmKg/maxresdefault.jpg", "idGeneros": [2]},
        {"id": 8, "nombreAlbum": "DAMN.", "descripcion": "DAMN. es el cuarto álbum de estudio del rapero estadounidense Kendrick Lamar, lanzado en 2017.", "fechaSalida": "14/04/2017", "idCanciones": [36,37,38,39,40], "pathImagen": "https://cdn-images.dzcdn.net/images/cover/7ce6b8452fae425557067db6e6a1cad5/0x1900-000000-80-0-0.jpg", "idGeneros": [3,5]},
        {"id": 9, "nombreAlbum": "24K Magic", "descripcion": "24K Magic es el tercer álbum de estudio del cantante estadounidense Bruno Mars, lanzado en 2016.", "fechaSalida": "18/11/2016", "idCanciones": [41,42,43,44,45], "pathImagen": "https://s1.ppllstatics.com/elnortedecastilla/www/pre2017/multimedia/RC/201610/07/media/cortadas/bruno-mars-album-k63-U203417042225SqB-575x323@RC.jpg", "idGeneros": [2, 5]},
        {"id": 10, "nombreAlbum": "Siniestro Total", "descripcion": "Siniestro Total es el primer álbum de la banda de punk española Siniestro Total, lanzado en 1983.", "fechaSalida": "01/09/1983", "idCanciones": [46,47,48,49,50], "pathImagen": "https://m.media-amazon.com/images/I/615NvbAVg2L._UF1000,1000_QL80_.jpg", "idGeneros": [2]},
        {"id": 11, "nombreAlbum": "Iowa", "descripcion": "Iowa es el tercer álbum de estudio de la banda estadounidense de metal Slipknot, lanzado en 2001.", "fechaSalida": "28/08/2001", "idCanciones": [51,52,53,54,55], "pathImagen": "https://www.themetalcircus.com/wp-content/uploads/2020/02/Slipknot-Iowa-2001.jpg", "idGeneros": [8]}
    ]
}